{
  "id": "/subscriptions/8a84c10e-2589-4c6a-9a57-34db90318b66/resourceGroups/ODL-azure-1073610/providers/Microsoft.Resources/deployments/Assignment7",
  "name": "Assignment7",
  "type": "Microsoft.Resources/deployments",
  "properties": {
    "templateHash": "3171099173964013595",
    "parameters": {
      "location": {
        "type": "String",
        "value": "westus2"
      },
      "extendedLocation": {
        "type": "Object",
        "value": {}
      },
      "virtualNetworkName": {
        "type": "String",
        "value": "Assignment7"
      },
      "tagsByResource": {
        "type": "Object",
        "value": {
          "Microsoft.Network/virtualNetworks": {},
          "Microsoft.Network/ddosProtectionPlans": {},
          "Microsoft.Network/publicIPAddresses": {},
          "Microsoft.Network/azureFirewalls": {},
          "Microsoft.Network/bastionHosts": {},
          "Microsoft.Network/natGateways": {},
          "Microsoft.Network/publicIPPrefixes": {},
          "Microsoft.Network/networkSecurityGroups": {}
        }
      },
      "addressPrefixes": {
        "type": "Array",
        "value": [
          "10.0.0.0/16"
        ]
      },
      "encryptionEnabled": {
        "type": "Bool",
        "value": false
      },
      "encryptionEnforcement": {
        "type": "String",
        "value": "AllowUnencrypted"
      },
      "subnets": {
        "type": "Array",
        "value": [
          {
            "name": "default",
            "properties": {
              "addressPrefix": "10.0.0.0/24"
            }
          }
        ]
      },
      "ddosProtectionPlanEnabled": {
        "type": "Bool",
        "value": false
      },
      "firewallEnabled": {
        "type": "Bool",
        "value": false
      },
      "bastionEnabled": {
        "type": "Bool",
        "value": false
      },
      "ddosProtectionPlanIsNew": {
        "type": "Bool",
        "value": false
      },
      "firewallPublicIpAddressIsNew": {
        "type": "Bool",
        "value": false
      },
      "firewallPolicyIsNew": {
        "type": "Bool",
        "value": false
      },
      "firewallPolicyManagementPublicIPAddressIsNew": {
        "type": "Bool",
        "value": false
      },
      "bastionPublicIpAddressIsNew": {
        "type": "Bool",
        "value": false
      },
      "bastionNsgIsNew": {
        "type": "Bool",
        "value": false
      },
      "ddosProtectionPlanName": {
        "type": "String",
        "value": "##ddos-protection-plan-name-not-set##"
      },
      "ddosProtectionPlanId": {
        "type": "String",
        "value": "##ddos-protection-plan-id-not-set##"
      },
      "firewallName": {
        "type": "String",
        "value": "##firewall-name-not-set##"
      },
      "firewallSkuTier": {
        "type": "String",
        "value": "Standard"
      },
      "firewallPublicIpAddressName": {
        "type": "String",
        "value": "##firewall-public-ip-name-not-set##"
      },
      "firewallPublicIpAddressId": {
        "type": "String",
        "value": "##firewall-public-ip-id-not-set##"
      },
      "firewallPolicyName": {
        "type": "String",
        "value": "##firewall-policy-name-not-set##"
      },
      "firewallPolicyId": {
        "type": "String",
        "value": "##firewall-policy-id-not-set##"
      },
      "firewallPolicyTier": {
        "type": "String",
        "value": "Standard"
      },
      "firewallPolicyManagementPublicIPAddressName": {
        "type": "String",
        "value": "##firewall-policy-management-public-i-p-address-name-not-set##"
      },
      "firewallPolicyManagementPublicIPAddressId": {
        "type": "String",
        "value": "##firewall-policy-management-public-i-p-address-id-not-set##"
      },
      "bastionName": {
        "type": "String",
        "value": "##bastion-name-not-set##"
      },
      "bastionPublicIpAddressName": {
        "type": "String",
        "value": "##bastion-public-ip-address-name-not-set##"
      },
      "bastionPublicIPAddressId": {
        "type": "String",
        "value": "##bastion-public-i-p-address-id-not-set##"
      },
      "bastionNsgName": {
        "type": "String",
        "value": "##bastion-nsg-name-not-set##"
      },
      "bastionNsgId": {
        "type": "String",
        "value": "##bastion-nsg-id-not-set##"
      },
      "natGatewaysWithNewPublicIpAddress": {
        "type": "Array",
        "value": []
      },
      "natGatewaysWithoutNewPublicIpAddress": {
        "type": "Array",
        "value": []
      },
      "natGatewayPublicIpAddressesNewNames": {
        "type": "Array",
        "value": []
      },
      "networkSecurityGroupsNew": {
        "type": "Array",
        "value": []
      },
      "ipv6Enabled": {
        "type": "Bool",
        "value": false
      },
      "subnetCount": {
        "type": "Int",
        "value": 1
      },
      "addressSpaceStartingAddressChanged": {
        "type": "Bool",
        "value": false
      },
      "addressSpaceAddressSizeChanged": {
        "type": "Bool",
        "value": false
      },
      "defaultSubnetChanged": {
        "type": "Bool",
        "value": true
      },
      "subnetsInfo": {
        "type": "Array",
        "value": [
          {
            "cidr": "10.0.0.0/24",
            "name": "Default",
            "natGw": "none",
            "nsg": "none",
            "udr": "none"
          }
        ]
      }
    },
    "mode": "Incremental",
    "debugSetting": {
      "detailLevel": "None"
    },
    "provisioningState": "Succeeded",
    "timestamp": "2023-09-20T09:42:10.6685787Z",
    "duration": "PT18.8658721S",
    "correlationId": "55945213-94bb-468e-8098-54d5eadc89eb",
    "providers": [
      {
        "namespace": "Microsoft.Network",
        "resourceTypes": [
          {
            "resourceType": "virtualNetworks",
            "locations": [
              "westus2"
            ]
          }
        ]
      }
    ],
    "dependencies": [],
    "outputResources": [
      {
        "id": "/subscriptions/8a84c10e-2589-4c6a-9a57-34db90318b66/resourceGroups/ODL-azure-1073610/providers/Microsoft.Network/virtualNetworks/Assignment7"
      }
    ],
    "validationLevel": "Template"
  },
  "tags": {
    "primaryResourceId": "/subscriptions/8a84c10e-2589-4c6a-9a57-34db90318b66/resourcegroups/ODL-azure-1073610/providers/Microsoft.Network/virtualNetworks/Assignment7",
    "marketplaceItemId": "Microsoft.VirtualNetwork-ARM"
  }
}