[
  {
    "id": "/subscriptions/8a84c10e-2589-4c6a-9a57-34db90318b66/resourceGroups/ODL-azure-1073610/providers/Microsoft.Resources/deployments/Assignment7/operations/D7C310FCE9C2C49E",
    "operationId": "D7C310FCE9C2C49E",
    "properties": {
      "provisioningOperation": "Create",
      "provisioningState": "Succeeded",
      "timestamp": "2023-09-20T09:42:10.5599178Z",
      "duration": "PT15.9708728S",
      "trackingId": "adb9b166-13ad-41db-9dbc-acd5ce1bbc6c",
      "statusCode": "OK",
      "targetResource": {
        "id": "/subscriptions/8a84c10e-2589-4c6a-9a57-34db90318b66/resourceGroups/ODL-azure-1073610/providers/Microsoft.Network/virtualNetworks/Assignment7",
        "resourceType": "Microsoft.Network/virtualNetworks",
        "resourceName": "Assignment7"
      }
    }
  },
  {
    "id": "/subscriptions/8a84c10e-2589-4c6a-9a57-34db90318b66/resourceGroups/ODL-azure-1073610/providers/Microsoft.Resources/deployments/Assignment7/operations/08585064039758571087",
    "operationId": "08585064039758571087",
    "properties": {
      "provisioningOperation": "EvaluateDeploymentOutput",
      "provisioningState": "Succeeded",
      "timestamp": "2023-09-20T09:42:10.6516284Z",
      "duration": "PT16.0625834S",
      "trackingId": "bf171d64-2a9c-4a68-87d7-f7422ce865dc",
      "statusCode": "OK"
    }
  }
]