{
  "id": "/subscriptions/8a84c10e-2589-4c6a-9a57-34db90318b66/resourceGroups/ODL-azure-1073610/providers/Microsoft.Resources/deployments/CreateVm-MicrosoftWindowsServer.WindowsServer-201-20230920153109",
  "name": "CreateVm-MicrosoftWindowsServer.WindowsServer-201-20230920153109",
  "type": "Microsoft.Resources/deployments",
  "tags": {
    "primaryResourceId": "/subscriptions/8a84c10e-2589-4c6a-9a57-34db90318b66/resourcegroups/ODL-azure-1073610/providers/Microsoft.Compute/virtualMachines/Assignfinal7VM",
    "marketplaceItemId": "Microsoft.VirtualMachine-ARM",
    "provisioningHash": "SolutionProvider"
  },
  "properties": {
    "templateHash": "279166639755349746",
    "parameters": {
      "location": {
        "type": "String",
        "value": "westus2"
      },
      "networkInterfaceName1": {
        "type": "String",
        "value": "assignfinal7vm751_z1"
      },
      "networkSecurityGroupName": {
        "type": "String",
        "value": "Assignfinal7VM-nsg"
      },
      "networkSecurityGroupRules": {
        "type": "Array",
        "value": [
          {
            "name": "RDP",
            "properties": {
              "priority": 300,
              "protocol": "TCP",
              "access": "Allow",
              "direction": "Inbound",
              "sourceAddressPrefix": "*",
              "sourcePortRange": "*",
              "destinationAddressPrefix": "*",
              "destinationPortRange": "3389"
            }
          }
        ]
      },
      "subnetName": {
        "type": "String",
        "value": "default"
      },
      "virtualNetworkId": {
        "type": "String",
        "value": "/subscriptions/8a84c10e-2589-4c6a-9a57-34db90318b66/resourceGroups/ODL-azure-1073610/providers/Microsoft.Network/virtualNetworks/assigment7-vnet"
      },
      "publicIpAddressName1": {
        "type": "String",
        "value": "Assignfinal7VM-ip"
      },
      "publicIpAddressType": {
        "type": "String",
        "value": "Static"
      },
      "publicIpAddressSku": {
        "type": "String",
        "value": "Standard"
      },
      "pipDeleteOption": {
        "type": "String",
        "value": "Detach"
      },
      "virtualMachineName": {
        "type": "String",
        "value": "Assignfinal7VM"
      },
      "virtualMachineName1": {
        "type": "String",
        "value": "Assignfinal7VM"
      },
      "virtualMachineComputerName1": {
        "type": "String",
        "value": "Assignfinal7VM"
      },
      "virtualMachineRG": {
        "type": "String",
        "value": "ODL-azure-1073610"
      },
      "osDiskType": {
        "type": "String",
        "value": "Standard_LRS"
      },
      "osDiskDeleteOption": {
        "type": "String",
        "value": "Delete"
      },
      "virtualMachineSize": {
        "type": "String",
        "value": "Standard_B1s"
      },
      "nicDeleteOption": {
        "type": "String",
        "value": "Detach"
      },
      "adminUsername": {
        "type": "String",
        "value": "reshma2417"
      },
      "adminPassword": {
        "type": "SecureString"
      },
      "patchMode": {
        "type": "String",
        "value": "AutomaticByOS"
      },
      "enableHotpatching": {
        "type": "Bool",
        "value": false
      },
      "securityType": {
        "type": "String",
        "value": "TrustedLaunch"
      },
      "secureBoot": {
        "type": "Bool",
        "value": true
      },
      "vTPM": {
        "type": "Bool",
        "value": true
      },
      "virtualMachine1Zone": {
        "type": "String",
        "value": "1"
      }
    },
    "mode": "Incremental",
    "debugSetting": {
      "detailLevel": "None"
    },
    "provisioningState": "Succeeded",
    "timestamp": "2023-09-20T10:04:33.6365568Z",
    "duration": "PT1M31.3160797S",
    "correlationId": "dfc0a5e6-fb3a-4934-95a4-e96fb9f74f32",
    "providers": [
      {
        "namespace": "Microsoft.Network",
        "resourceTypes": [
          {
            "resourceType": "networkInterfaces",
            "locations": [
              "westus2"
            ]
          },
          {
            "resourceType": "networkSecurityGroups",
            "locations": [
              "westus2"
            ]
          },
          {
            "resourceType": "publicIpAddresses",
            "locations": [
              "westus2"
            ]
          }
        ]
      },
      {
        "namespace": "Microsoft.Compute",
        "resourceTypes": [
          {
            "resourceType": "virtualMachines",
            "locations": [
              "westus2"
            ]
          }
        ]
      }
    ],
    "dependencies": [
      {
        "dependsOn": [
          {
            "id": "/subscriptions/8a84c10e-2589-4c6a-9a57-34db90318b66/resourceGroups/ODL-azure-1073610/providers/Microsoft.Network/networkSecurityGroups/Assignfinal7VM-nsg",
            "resourceType": "Microsoft.Network/networkSecurityGroups",
            "resourceName": "Assignfinal7VM-nsg"
          },
          {
            "id": "/subscriptions/8a84c10e-2589-4c6a-9a57-34db90318b66/resourceGroups/ODL-azure-1073610/providers/Microsoft.Network/publicIpAddresses/Assignfinal7VM-ip",
            "resourceType": "Microsoft.Network/publicIpAddresses",
            "resourceName": "Assignfinal7VM-ip"
          }
        ],
        "id": "/subscriptions/8a84c10e-2589-4c6a-9a57-34db90318b66/resourceGroups/ODL-azure-1073610/providers/Microsoft.Network/networkInterfaces/assignfinal7vm751_z1",
        "resourceType": "Microsoft.Network/networkInterfaces",
        "resourceName": "assignfinal7vm751_z1"
      },
      {
        "dependsOn": [
          {
            "id": "/subscriptions/8a84c10e-2589-4c6a-9a57-34db90318b66/resourceGroups/ODL-azure-1073610/providers/Microsoft.Network/networkInterfaces/assignfinal7vm751_z1",
            "resourceType": "Microsoft.Network/networkInterfaces",
            "resourceName": "assignfinal7vm751_z1"
          }
        ],
        "id": "/subscriptions/8a84c10e-2589-4c6a-9a57-34db90318b66/resourceGroups/ODL-azure-1073610/providers/Microsoft.Compute/virtualMachines/Assignfinal7VM",
        "resourceType": "Microsoft.Compute/virtualMachines",
        "resourceName": "Assignfinal7VM"
      }
    ],
    "outputs": {
      "adminUsername": {
        "type": "String",
        "value": "reshma2417"
      }
    },
    "outputResources": [
      {
        "id": "/subscriptions/8a84c10e-2589-4c6a-9a57-34db90318b66/resourceGroups/ODL-azure-1073610/providers/Microsoft.Compute/virtualMachines/Assignfinal7VM"
      },
      {
        "id": "/subscriptions/8a84c10e-2589-4c6a-9a57-34db90318b66/resourceGroups/ODL-azure-1073610/providers/Microsoft.Network/networkInterfaces/assignfinal7vm751_z1"
      },
      {
        "id": "/subscriptions/8a84c10e-2589-4c6a-9a57-34db90318b66/resourceGroups/ODL-azure-1073610/providers/Microsoft.Network/networkSecurityGroups/Assignfinal7VM-nsg"
      },
      {
        "id": "/subscriptions/8a84c10e-2589-4c6a-9a57-34db90318b66/resourceGroups/ODL-azure-1073610/providers/Microsoft.Network/publicIpAddresses/Assignfinal7VM-ip"
      }
    ],
    "validationLevel": "Template"
  }
}