[
  {
    "id": "/subscriptions/8a84c10e-2589-4c6a-9a57-34db90318b66/resourceGroups/ODL-azure-1073610/providers/Microsoft.Resources/deployments/CreateVm-MicrosoftWindowsServer.WindowsServer-201-20230920153109/operations/221A4F2E46527F88",
    "operationId": "221A4F2E46527F88",
    "properties": {
      "provisioningOperation": "Create",
      "provisioningState": "Running",
      "timestamp": "2023-09-20T10:03:32.5398757Z",
      "duration": "PT12.5984699S",
      "trackingId": "b311f6fa-dc91-4c99-af28-904aa4798f6f",
      "statusCode": "Created",
      "targetResource": {
        "id": "/subscriptions/8a84c10e-2589-4c6a-9a57-34db90318b66/resourceGroups/ODL-azure-1073610/providers/Microsoft.Compute/virtualMachines/Assignfinal7VM",
        "resourceType": "Microsoft.Compute/virtualMachines",
        "resourceName": "Assignfinal7VM"
      }
    }
  },
  {
    "id": "/subscriptions/8a84c10e-2589-4c6a-9a57-34db90318b66/resourceGroups/ODL-azure-1073610/providers/Microsoft.Resources/deployments/CreateVm-MicrosoftWindowsServer.WindowsServer-201-20230920153109/operations/56BDAD514EBCEEEA",
    "operationId": "56BDAD514EBCEEEA",
    "properties": {
      "provisioningOperation": "Create",
      "provisioningState": "Succeeded",
      "timestamp": "2023-09-20T10:03:27.8162813Z",
      "duration": "PT7.8748755S",
      "trackingId": "77a6a222-8576-4d0c-9b13-e51bebdf898b",
      "statusCode": "Created",
      "targetResource": {
        "id": "/subscriptions/8a84c10e-2589-4c6a-9a57-34db90318b66/resourceGroups/ODL-azure-1073610/providers/Microsoft.Network/networkInterfaces/assignfinal7vm751_z1",
        "resourceType": "Microsoft.Network/networkInterfaces",
        "resourceName": "assignfinal7vm751_z1"
      }
    }
  },
  {
    "id": "/subscriptions/8a84c10e-2589-4c6a-9a57-34db90318b66/resourceGroups/ODL-azure-1073610/providers/Microsoft.Resources/deployments/CreateVm-MicrosoftWindowsServer.WindowsServer-201-20230920153109/operations/58CE0179C1584AD0",
    "operationId": "58CE0179C1584AD0",
    "properties": {
      "provisioningOperation": "Create",
      "provisioningState": "Succeeded",
      "timestamp": "2023-09-20T10:03:19.6498584Z",
      "duration": "PT14.6999788S",
      "trackingId": "61f8b14d-81f9-41b7-a7df-98341a18ed08",
      "statusCode": "OK",
      "targetResource": {
        "id": "/subscriptions/8a84c10e-2589-4c6a-9a57-34db90318b66/resourceGroups/ODL-azure-1073610/providers/Microsoft.Network/publicIpAddresses/Assignfinal7VM-ip",
        "resourceType": "Microsoft.Network/publicIpAddresses",
        "resourceName": "Assignfinal7VM-ip"
      }
    }
  },
  {
    "id": "/subscriptions/8a84c10e-2589-4c6a-9a57-34db90318b66/resourceGroups/ODL-azure-1073610/providers/Microsoft.Resources/deployments/CreateVm-MicrosoftWindowsServer.WindowsServer-201-20230920153109/operations/2F5165759B64A279",
    "operationId": "2F5165759B64A279",
    "properties": {
      "provisioningOperation": "Create",
      "provisioningState": "Succeeded",
      "timestamp": "2023-09-20T10:03:19.3260223Z",
      "duration": "PT14.3761427S",
      "trackingId": "1721894f-101e-4016-a425-f591a6c2179e",
      "statusCode": "OK",
      "targetResource": {
        "id": "/subscriptions/8a84c10e-2589-4c6a-9a57-34db90318b66/resourceGroups/ODL-azure-1073610/providers/Microsoft.Network/networkSecurityGroups/Assignfinal7VM-nsg",
        "resourceType": "Microsoft.Network/networkSecurityGroups",
        "resourceName": "Assignfinal7VM-nsg"
      }
    }
  }
]