{
  "id": "/subscriptions/8a84c10e-2589-4c6a-9a57-34db90318b66/resourceGroups/ODL-azure-1073610/providers/Microsoft.Resources/deployments/Microsoft.SQLDatabase.newDatabaseNewServer_884af67f5deb41bba9fae",
  "name": "Microsoft.SQLDatabase.newDatabaseNewServer_884af67f5deb41bba9fae",
  "type": "Microsoft.Resources/deployments",
  "properties": {
    "templateHash": "2473632131066750012",
    "parameters": {
      "administratorLogin": {
        "type": "String",
        "value": "reshma2417"
      },
      "administratorLoginPassword": {
        "type": "SecureString"
      },
      "administrators": {
        "type": "Object",
        "value": {}
      },
      "collation": {
        "type": "String",
        "value": "SQL_Latin1_General_CP1_CI_AS"
      },
      "databaseName": {
        "type": "String",
        "value": "Assignment7"
      },
      "tier": {
        "type": "String",
        "value": "Basic"
      },
      "skuName": {
        "type": "String",
        "value": "Basic"
      },
      "location": {
        "type": "String",
        "value": "eastus"
      },
      "maxSizeBytes": {
        "type": "Int",
        "value": 2147483648
      },
      "serverName": {
        "type": "String",
        "value": "resh4217"
      },
      "sampleName": {
        "type": "String",
        "value": ""
      },
      "zoneRedundant": {
        "type": "Bool",
        "value": false
      },
      "licenseType": {
        "type": "String",
        "value": ""
      },
      "readScaleOut": {
        "type": "String",
        "value": "Disabled"
      },
      "numberOfReplicas": {
        "type": "Int",
        "value": 0
      },
      "minCapacity": {
        "type": "String",
        "value": ""
      },
      "autoPauseDelay": {
        "type": "Int",
        "value": 0
      },
      "enableADS": {
        "type": "Bool",
        "value": false
      },
      "allowAzureIps": {
        "type": "Bool",
        "value": true
      },
      "databaseTags": {
        "type": "Object",
        "value": {}
      },
      "serverTags": {
        "type": "Object",
        "value": {}
      },
      "enableVA": {
        "type": "Bool",
        "value": false
      },
      "useVAManagedIdentity": {
        "type": "Bool",
        "value": false
      },
      "vaStoragelessEnabled": {
        "type": "Bool",
        "value": false
      },
      "enablePrivateEndpoint": {
        "type": "Bool",
        "value": false
      },
      "privateEndpointNestedTemplateId": {
        "type": "String",
        "value": "pe-0200f3c6-5ad2-46f0-917b-00b115337014"
      },
      "privateEndpointSubscriptionId": {
        "type": "String",
        "value": ""
      },
      "privateEndpointResourceGroup": {
        "type": "String",
        "value": ""
      },
      "privateEndpointName": {
        "type": "String",
        "value": ""
      },
      "privateEndpointLocation": {
        "type": "String",
        "value": ""
      },
      "privateEndpointSubnetId": {
        "type": "String",
        "value": ""
      },
      "privateLinkServiceName": {
        "type": "String",
        "value": ""
      },
      "privateLinkServiceServiceId": {
        "type": "String",
        "value": ""
      },
      "privateEndpointVnetSubscriptionId": {
        "type": "String",
        "value": ""
      },
      "privateEndpointVnetResourceGroup": {
        "type": "String",
        "value": ""
      },
      "privateEndpointVnetName": {
        "type": "String",
        "value": ""
      },
      "privateEndpointSubnetName": {
        "type": "String",
        "value": ""
      },
      "enablePrivateDnsZone": {
        "type": "Bool",
        "value": true
      },
      "privateLinkPrivateDnsZoneFQDN": {
        "type": "String",
        "value": "privatelink.database.windows.net"
      },
      "privateLinkPrivateDnsZoneRG": {
        "type": "String",
        "value": ""
      },
      "privateEndpointDnsRecordUniqueId": {
        "type": "String",
        "value": "0200f3c6-5ad2-46f0-917b-00b115337017"
      },
      "privateEndpointTemplateLink": {
        "type": "String",
        "value": "https://sqlazureextension.hosting.portal.azure.net/sqlazureextension/Content/2.1.02453134/DeploymentTemplates/PrivateEndpoint.json"
      },
      "privateDnsForPrivateEndpointTemplateLink": {
        "type": "String",
        "value": "https://sqlazureextension.hosting.portal.azure.net/sqlazureextension/Content/2.1.02453134/DeploymentTemplates/PrivateDnsForPrivateEndpoint.json"
      },
      "privateDnsForPrivateEndpointNicTemplateLink": {
        "type": "String",
        "value": "https://sqlazureextension.hosting.portal.azure.net/sqlazureextension/Content/2.1.02453134/DeploymentTemplates/PrivateDnsForPrivateEndpointNic.json"
      },
      "privateDnsForPrivateEndpointIpConfigTemplateLink": {
        "type": "String",
        "value": "https://sqlazureextension.hosting.portal.azure.net/sqlazureextension/Content/2.1.02453134/DeploymentTemplates/PrivateDnsForPrivateEndpointIpConfig.json"
      },
      "allowClientIp": {
        "type": "Bool",
        "value": true
      },
      "clientIpRuleName": {
        "type": "String",
        "value": "ClientIp-2023-9-20_15-7-32"
      },
      "clientIpValue": {
        "type": "String",
        "value": "157.49.93.236"
      },
      "publicNetworkAccess": {
        "type": "String",
        "value": "Enabled"
      },
      "requestedBackupStorageRedundancy": {
        "type": "String",
        "value": "Local"
      },
      "maintenanceConfigurationId": {
        "type": "String",
        "value": "/subscriptions/8a84c10e-2589-4c6a-9a57-34db90318b66/providers/Microsoft.Maintenance/publicMaintenanceConfigurations/SQL_Default"
      },
      "keyId": {
        "type": "String",
        "value": ""
      },
      "identity": {
        "type": "Object",
        "value": {
          "type": "None"
        }
      },
      "primaryUserAssignedIdentityId": {
        "type": "String",
        "value": ""
      },
      "minimalTlsVersion": {
        "type": "String",
        "value": "1.2"
      },
      "enableSqlLedger": {
        "type": "Bool",
        "value": false
      },
      "connectionType": {
        "type": "String",
        "value": "Default"
      },
      "enableDigestStorage": {
        "type": "String",
        "value": "Disabled"
      },
      "digestStorageOption": {
        "type": "String",
        "value": ""
      },
      "digestStorageName": {
        "type": "String",
        "value": ""
      },
      "blobStorageContainerName": {
        "type": "String",
        "value": ""
      },
      "retentionDays": {
        "type": "String",
        "value": ""
      },
      "retentionPolicy": {
        "type": "Bool",
        "value": false
      },
      "digestAccountResourceGroup": {
        "type": "String",
        "value": ""
      },
      "digestRegion": {
        "type": "String",
        "value": ""
      },
      "storageAccountdigestRegion": {
        "type": "String",
        "value": ""
      },
      "isNewDigestLocation": {
        "type": "Bool",
        "value": false
      },
      "isPermissionAssigned": {
        "type": "Bool",
        "value": false
      },
      "sqlLedgerTemplateLink": {
        "type": "String",
        "value": "https://sqlazureextension.hosting.portal.azure.net/sqlazureextension/Content/2.1.02453134/DeploymentTemplates/SqlLedger.json"
      },
      "availabilityZone": {
        "type": "String",
        "value": "NoPreference"
      },
      "federatedClientId": {
        "type": "String",
        "value": ""
      },
      "servicePrincipal": {
        "type": "Object",
        "value": {
          "type": "None"
        }
      }
    },
    "mode": "Incremental",
    "debugSetting": {
      "detailLevel": "None"
    },
    "provisioningState": "Succeeded",
    "timestamp": "2023-09-20T09:40:07.0271684Z",
    "duration": "PT2M18.6224719S",
    "correlationId": "2c162086-546e-4394-9f2d-6b749adbd314",
    "providers": [
      {
        "namespace": "Microsoft.Sql",
        "resourceTypes": [
          {
            "resourceType": "servers",
            "locations": [
              "eastus"
            ]
          },
          {
            "resourceType": "servers/databases",
            "locations": [
              "eastus"
            ]
          },
          {
            "resourceType": "servers/firewallrules",
            "locations": [
              "eastus"
            ]
          },
          {
            "resourceType": "servers/connectionPolicies",
            "locations": [
              "eastus"
            ]
          }
        ]
      }
    ],
    "dependencies": [
      {
        "dependsOn": [
          {
            "id": "/subscriptions/8a84c10e-2589-4c6a-9a57-34db90318b66/resourceGroups/ODL-azure-1073610/providers/Microsoft.Sql/servers/resh4217",
            "resourceType": "Microsoft.Sql/servers",
            "resourceName": "resh4217"
          }
        ],
        "id": "/subscriptions/8a84c10e-2589-4c6a-9a57-34db90318b66/resourceGroups/ODL-azure-1073610/providers/Microsoft.Sql/servers/resh4217/databases/Assignment7",
        "resourceType": "Microsoft.Sql/servers/databases",
        "resourceName": "resh4217/Assignment7"
      },
      {
        "dependsOn": [
          {
            "id": "/subscriptions/8a84c10e-2589-4c6a-9a57-34db90318b66/resourceGroups/ODL-azure-1073610/providers/Microsoft.Sql/servers/resh4217",
            "resourceType": "Microsoft.Sql/servers",
            "resourceName": "resh4217"
          }
        ],
        "id": "/subscriptions/8a84c10e-2589-4c6a-9a57-34db90318b66/resourceGroups/ODL-azure-1073610/providers/Microsoft.Sql/servers/resh4217/firewallrules/AllowAllWindowsAzureIps",
        "resourceType": "Microsoft.Sql/servers/firewallrules",
        "resourceName": "resh4217/AllowAllWindowsAzureIps"
      },
      {
        "dependsOn": [
          {
            "id": "/subscriptions/8a84c10e-2589-4c6a-9a57-34db90318b66/resourceGroups/ODL-azure-1073610/providers/Microsoft.Sql/servers/resh4217",
            "resourceType": "Microsoft.Sql/servers",
            "resourceName": "resh4217"
          }
        ],
        "id": "/subscriptions/8a84c10e-2589-4c6a-9a57-34db90318b66/resourceGroups/ODL-azure-1073610/providers/Microsoft.Sql/servers/resh4217/connectionPolicies/Default",
        "resourceType": "Microsoft.Sql/servers/connectionPolicies",
        "resourceName": "resh4217/Default"
      },
      {
        "dependsOn": [
          {
            "id": "/subscriptions/8a84c10e-2589-4c6a-9a57-34db90318b66/resourceGroups/ODL-azure-1073610/providers/Microsoft.Sql/servers/resh4217",
            "resourceType": "Microsoft.Sql/servers",
            "resourceName": "resh4217"
          }
        ],
        "id": "/subscriptions/8a84c10e-2589-4c6a-9a57-34db90318b66/resourceGroups/ODL-azure-1073610/providers/Microsoft.Sql/servers/resh4217/firewallrules/ClientIp-2023-9-20_15-7-32",
        "resourceType": "Microsoft.Sql/servers/firewallrules",
        "resourceName": "resh4217/ClientIp-2023-9-20_15-7-32"
      }
    ],
    "outputResources": [
      {
        "id": "/subscriptions/8a84c10e-2589-4c6a-9a57-34db90318b66/resourceGroups/ODL-azure-1073610/providers/Microsoft.Sql/servers/resh4217"
      },
      {
        "id": "/subscriptions/8a84c10e-2589-4c6a-9a57-34db90318b66/resourceGroups/ODL-azure-1073610/providers/Microsoft.Sql/servers/resh4217/connectionPolicies/Default"
      },
      {
        "id": "/subscriptions/8a84c10e-2589-4c6a-9a57-34db90318b66/resourceGroups/ODL-azure-1073610/providers/Microsoft.Sql/servers/resh4217/databases/Assignment7"
      },
      {
        "id": "/subscriptions/8a84c10e-2589-4c6a-9a57-34db90318b66/resourceGroups/ODL-azure-1073610/providers/Microsoft.Sql/servers/resh4217/firewallrules/AllowAllWindowsAzureIps"
      },
      {
        "id": "/subscriptions/8a84c10e-2589-4c6a-9a57-34db90318b66/resourceGroups/ODL-azure-1073610/providers/Microsoft.Sql/servers/resh4217/firewallrules/ClientIp-2023-9-20_15-7-32"
      }
    ],
    "validationLevel": "Template"
  },
  "tags": {
    "primaryResourceId": "/subscriptions/8a84c10e-2589-4c6a-9a57-34db90318b66/resourceGroups/ODL-azure-1073610/providers/Microsoft.Sql/servers/resh4217/databases/Assignment7",
    "marketplaceItemId": "Microsoft.SQLDatabase"
  }
}