[
  {
    "id": "/subscriptions/8a84c10e-2589-4c6a-9a57-34db90318b66/resourceGroups/ODL-azure-1073610/providers/Microsoft.Resources/deployments/Microsoft.SQLDatabase.newDatabaseNewServer_884af67f5deb41bba9fae/operations/32F54ADA0A72EDFF",
    "operationId": "32F54ADA0A72EDFF",
    "properties": {
      "provisioningOperation": "Create",
      "provisioningState": "Succeeded",
      "timestamp": "2023-09-20T09:39:20.6044291Z",
      "duration": "PT1M29.4722911S",
      "trackingId": "75f00ce2-6fbb-434e-8e0a-2cea70d221fa",
      "statusCode": "OK",
      "targetResource": {
        "id": "/subscriptions/8a84c10e-2589-4c6a-9a57-34db90318b66/resourceGroups/ODL-azure-1073610/providers/Microsoft.Sql/servers/resh4217/firewallrules/AllowAllWindowsAzureIps",
        "resourceType": "Microsoft.Sql/servers/firewallrules",
        "resourceName": "resh4217/AllowAllWindowsAzureIps"
      }
    }
  },
  {
    "id": "/subscriptions/8a84c10e-2589-4c6a-9a57-34db90318b66/resourceGroups/ODL-azure-1073610/providers/Microsoft.Resources/deployments/Microsoft.SQLDatabase.newDatabaseNewServer_884af67f5deb41bba9fae/operations/BE85F6A33D6288C5",
    "operationId": "BE85F6A33D6288C5",
    "properties": {
      "provisioningOperation": "Create",
      "provisioningState": "Succeeded",
      "timestamp": "2023-09-20T09:39:20.5491571Z",
      "duration": "PT10.9620999S",
      "trackingId": "f5bf7ba2-7b30-4eb8-ae05-be137cdcb867",
      "statusCode": "OK",
      "targetResource": {
        "id": "/subscriptions/8a84c10e-2589-4c6a-9a57-34db90318b66/resourceGroups/ODL-azure-1073610/providers/Microsoft.Sql/servers/resh4217/firewallrules/ClientIp-2023-9-20_15-7-32",
        "resourceType": "Microsoft.Sql/servers/firewallrules",
        "resourceName": "resh4217/ClientIp-2023-9-20_15-7-32"
      }
    }
  },
  {
    "id": "/subscriptions/8a84c10e-2589-4c6a-9a57-34db90318b66/resourceGroups/ODL-azure-1073610/providers/Microsoft.Resources/deployments/Microsoft.SQLDatabase.newDatabaseNewServer_884af67f5deb41bba9fae/operations/63AB3C46EF192C23",
    "operationId": "63AB3C46EF192C23",
    "properties": {
      "provisioningOperation": "Create",
      "provisioningState": "Succeeded",
      "timestamp": "2023-09-20T09:40:06.7968348Z",
      "duration": "PT57.2097776S",
      "trackingId": "1777201f-4597-4fa7-b44a-f205cf5b2bfe",
      "statusCode": "Created",
      "targetResource": {
        "id": "/subscriptions/8a84c10e-2589-4c6a-9a57-34db90318b66/resourceGroups/ODL-azure-1073610/providers/Microsoft.Sql/servers/resh4217/databases/Assignment7",
        "resourceType": "Microsoft.Sql/servers/databases",
        "resourceName": "resh4217/Assignment7"
      }
    }
  },
  {
    "id": "/subscriptions/8a84c10e-2589-4c6a-9a57-34db90318b66/resourceGroups/ODL-azure-1073610/providers/Microsoft.Resources/deployments/Microsoft.SQLDatabase.newDatabaseNewServer_884af67f5deb41bba9fae/operations/45DB22BD78AE32F3",
    "operationId": "45DB22BD78AE32F3",
    "properties": {
      "provisioningOperation": "Create",
      "provisioningState": "Succeeded",
      "timestamp": "2023-09-20T09:39:10.1727658Z",
      "duration": "PT0.5857086S",
      "trackingId": "684c0dce-713f-407c-a959-5efd4972edd3",
      "statusCode": "OK",
      "targetResource": {
        "id": "/subscriptions/8a84c10e-2589-4c6a-9a57-34db90318b66/resourceGroups/ODL-azure-1073610/providers/Microsoft.Sql/servers/resh4217/connectionPolicies/Default",
        "resourceType": "Microsoft.Sql/servers/connectionPolicies",
        "resourceName": "resh4217/Default"
      }
    }
  },
  {
    "id": "/subscriptions/8a84c10e-2589-4c6a-9a57-34db90318b66/resourceGroups/ODL-azure-1073610/providers/Microsoft.Resources/deployments/Microsoft.SQLDatabase.newDatabaseNewServer_884af67f5deb41bba9fae/operations/5A387E0A053A1E18",
    "operationId": "5A387E0A053A1E18",
    "properties": {
      "provisioningOperation": "Read",
      "provisioningState": "Succeeded",
      "timestamp": "2023-09-20T09:39:10.1515924Z",
      "duration": "PT0.5645352S",
      "trackingId": "b92d78f8-67c3-4e11-9764-035357508630",
      "statusCode": "OK",
      "targetResource": {
        "id": "/subscriptions/8a84c10e-2589-4c6a-9a57-34db90318b66/resourceGroups/ODL-azure-1073610/providers/Microsoft.Sql/servers/resh4217",
        "resourceType": "Microsoft.Sql/servers",
        "resourceName": "resh4217",
        "apiVersion": "2018-06-01-preview"
      }
    }
  },
  {
    "id": "/subscriptions/8a84c10e-2589-4c6a-9a57-34db90318b66/resourceGroups/ODL-azure-1073610/providers/Microsoft.Resources/deployments/Microsoft.SQLDatabase.newDatabaseNewServer_884af67f5deb41bba9fae/operations/6264EA0E3EF6CBA9",
    "operationId": "6264EA0E3EF6CBA9",
    "properties": {
      "provisioningOperation": "Create",
      "provisioningState": "Succeeded",
      "timestamp": "2023-09-20T09:39:09.5414519Z",
      "duration": "PT1M18.4093139S",
      "trackingId": "6bad4278-d35a-4e94-9b78-e7ab3b4b0535",
      "statusCode": "Created",
      "targetResource": {
        "id": "/subscriptions/8a84c10e-2589-4c6a-9a57-34db90318b66/resourceGroups/ODL-azure-1073610/providers/Microsoft.Sql/servers/resh4217",
        "resourceType": "Microsoft.Sql/servers",
        "resourceName": "resh4217"
      }
    }
  },
  {
    "id": "/subscriptions/8a84c10e-2589-4c6a-9a57-34db90318b66/resourceGroups/ODL-azure-1073610/providers/Microsoft.Resources/deployments/Microsoft.SQLDatabase.newDatabaseNewServer_884af67f5deb41bba9fae/operations/08585064042191484812",
    "operationId": "08585064042191484812",
    "properties": {
      "provisioningOperation": "EvaluateDeploymentOutput",
      "provisioningState": "Succeeded",
      "timestamp": "2023-09-20T09:40:07.0105091Z",
      "duration": "PT0.16885S",
      "trackingId": "86ed1e39-941a-4618-aa42-983d35441cc4",
      "statusCode": "OK"
    }
  }
]